<?xml version="1.0" encoding="utf-8" standalone="yes" ?>
<rss version="2.0" xmlns:atom="http://www.w3.org/2005/Atom">
  <channel>
    <title>Title on Cognotekt-multi.com</title>
    <link>https://github.com/CognotektGmbH/CognotektGmbH.github.io/tags/title/</link>
    <description>Recent content in Title on Cognotekt-multi.com</description>
    <generator>Hugo -- gohugo.io</generator>
    <lastBuildDate>Wed, 26 Apr 2017 00:00:00 +0000</lastBuildDate>
    
	<atom:link href="https://github.com/CognotektGmbH/CognotektGmbH.github.io/tags/title/index.xml" rel="self" type="application/rss+xml" />
    
    
    <item>
      <title>title</title>
      <link>https://github.com/CognotektGmbH/CognotektGmbH.github.io/home/title/</link>
      <pubDate>Wed, 26 Apr 2017 00:00:00 +0000</pubDate>
      
      <guid>https://github.com/CognotektGmbH/CognotektGmbH.github.io/home/title/</guid>
      <description>Content of the file goes Here</description>
    </item>
    
  </channel>
</rss>