<?xml version="1.0" encoding="utf-8" standalone="yes" ?>
<rss version="2.0" xmlns:atom="http://www.w3.org/2005/Atom">
  <channel>
    <title>Lösungen on Cognotekt-multi.com</title>
    <link>http://cognotekt.wanjarunkel.de/categories/l%C3%B6sungen/</link>
    <description>Recent content in Lösungen on Cognotekt-multi.com</description>
    <generator>Hugo -- gohugo.io</generator>
    <lastBuildDate>Wed, 26 Apr 2017 00:00:00 +0000</lastBuildDate>
    
	<atom:link href="http://cognotekt.wanjarunkel.de/categories/l%C3%B6sungen/index.xml" rel="self" type="application/rss+xml" />
    
    
    <item>
      <title>solutions</title>
      <link>http://cognotekt.wanjarunkel.de/home/solutions/</link>
      <pubDate>Wed, 26 Apr 2017 00:00:00 +0000</pubDate>
      
      <guid>http://cognotekt.wanjarunkel.de/home/solutions/</guid>
      <description>Content of the file goes Here</description>
    </item>
    
  </channel>
</rss>