<?xml version="1.0" encoding="utf-8" standalone="yes" ?>
<rss version="2.0" xmlns:atom="http://www.w3.org/2005/Atom">
  <channel>
    <title>Tags on Cognotekt-multi.com</title>
    <link>http://cognotekt.wanjarunkel.de/tags/</link>
    <description>Recent content in Tags on Cognotekt-multi.com</description>
    <generator>Hugo -- gohugo.io</generator>
    <lastBuildDate>Wed, 26 Apr 2017 00:00:00 +0000</lastBuildDate>
    
	<atom:link href="http://cognotekt.wanjarunkel.de/tags/index.xml" rel="self" type="application/rss+xml" />
    
    
    <item>
      <title>Arbeiten</title>
      <link>http://cognotekt.wanjarunkel.de/tags/arbeiten/</link>
      <pubDate>Wed, 26 Apr 2017 00:00:00 +0000</pubDate>
      
      <guid>http://cognotekt.wanjarunkel.de/tags/arbeiten/</guid>
      <description></description>
    </item>
    
    <item>
      <title>Blog</title>
      <link>http://cognotekt.wanjarunkel.de/tags/blog/</link>
      <pubDate>Sat, 20 May 2017 00:00:00 +0000</pubDate>
      
      <guid>http://cognotekt.wanjarunkel.de/tags/blog/</guid>
      <description></description>
    </item>
    
    <item>
      <title>Cognotekt</title>
      <link>http://cognotekt.wanjarunkel.de/tags/cognotekt/</link>
      <pubDate>Wed, 26 Apr 2017 00:00:00 +0000</pubDate>
      
      <guid>http://cognotekt.wanjarunkel.de/tags/cognotekt/</guid>
      <description></description>
    </item>
    
    <item>
      <title>Jobs</title>
      <link>http://cognotekt.wanjarunkel.de/tags/jobs/</link>
      <pubDate>Fri, 19 May 2017 00:00:00 +0000</pubDate>
      
      <guid>http://cognotekt.wanjarunkel.de/tags/jobs/</guid>
      <description></description>
    </item>
    
    <item>
      <title>Lösungen</title>
      <link>http://cognotekt.wanjarunkel.de/tags/l%C3%B6sungen/</link>
      <pubDate>Wed, 26 Apr 2017 00:00:00 +0000</pubDate>
      
      <guid>http://cognotekt.wanjarunkel.de/tags/l%C3%B6sungen/</guid>
      <description></description>
    </item>
    
    <item>
      <title>Title</title>
      <link>http://cognotekt.wanjarunkel.de/tags/title/</link>
      <pubDate>Wed, 26 Apr 2017 00:00:00 +0000</pubDate>
      
      <guid>http://cognotekt.wanjarunkel.de/tags/title/</guid>
      <description></description>
    </item>
    
    <item>
      <title>Wen Wir Suchen</title>
      <link>http://cognotekt.wanjarunkel.de/tags/wen-wir-suchen/</link>
      <pubDate>Fri, 19 May 2017 00:00:00 +0000</pubDate>
      
      <guid>http://cognotekt.wanjarunkel.de/tags/wen-wir-suchen/</guid>
      <description></description>
    </item>
    
    <item>
      <title>Wer Wir Sind</title>
      <link>http://cognotekt.wanjarunkel.de/tags/wer-wir-sind/</link>
      <pubDate>Fri, 19 May 2017 00:00:00 +0000</pubDate>
      
      <guid>http://cognotekt.wanjarunkel.de/tags/wer-wir-sind/</guid>
      <description></description>
    </item>
    
    <item>
      <title>What We Do</title>
      <link>http://cognotekt.wanjarunkel.de/tags/what-we-do/</link>
      <pubDate>Wed, 26 Apr 2017 00:00:00 +0000</pubDate>
      
      <guid>http://cognotekt.wanjarunkel.de/tags/what-we-do/</guid>
      <description></description>
    </item>
    
    <item>
      <title>Wie Wir Arbeiten</title>
      <link>http://cognotekt.wanjarunkel.de/tags/wie-wir-arbeiten/</link>
      <pubDate>Wed, 26 Apr 2017 00:00:00 +0000</pubDate>
      
      <guid>http://cognotekt.wanjarunkel.de/tags/wie-wir-arbeiten/</guid>
      <description></description>
    </item>
    
    <item>
      <title>Wir</title>
      <link>http://cognotekt.wanjarunkel.de/tags/wir/</link>
      <pubDate>Fri, 19 May 2017 00:00:00 +0000</pubDate>
      
      <guid>http://cognotekt.wanjarunkel.de/tags/wir/</guid>
      <description></description>
    </item>
    
  </channel>
</rss>