<?xml version="1.0" encoding="utf-8" standalone="yes" ?>
<rss version="2.0" xmlns:atom="http://www.w3.org/2005/Atom">
  <channel>
    <title>Blog on Cognotekt-multi.com</title>
    <link>http://cognotekt.wanjarunkel.de/en/categories/blog/</link>
    <description>Recent content in Blog on Cognotekt-multi.com</description>
    <generator>Hugo -- gohugo.io</generator>
    <lastBuildDate>Sat, 20 May 2017 00:00:00 +0000</lastBuildDate>
    
	<atom:link href="http://cognotekt.wanjarunkel.de/en/categories/blog/index.xml" rel="self" type="application/rss+xml" />
    
    
    <item>
      <title>blog</title>
      <link>http://cognotekt.wanjarunkel.de/en/home/blog/</link>
      <pubDate>Sat, 20 May 2017 00:00:00 +0000</pubDate>
      
      <guid>http://cognotekt.wanjarunkel.de/en/home/blog/</guid>
      <description>Content of the file goes Here</description>
    </item>
    
  </channel>
</rss>