<?xml version="1.0" encoding="utf-8" standalone="yes" ?>
<rss version="2.0" xmlns:atom="http://www.w3.org/2005/Atom">
  <channel>
    <title>Homes on Cognotekt-multi.com</title>
    <link>http://cognotekt.wanjarunkel.de/en/home/</link>
    <description>Recent content in Homes on Cognotekt-multi.com</description>
    <generator>Hugo -- gohugo.io</generator>
    <lastBuildDate>Wed, 26 Apr 2017 00:00:00 +0000</lastBuildDate>
    
	<atom:link href="http://cognotekt.wanjarunkel.de/en/home/index.xml" rel="self" type="application/rss+xml" />
    
    
    <item>
      <title>title.en</title>
      <link>http://cognotekt.wanjarunkel.de/en/home/title/</link>
      <pubDate>Wed, 26 Apr 2017 00:00:00 +0000</pubDate>
      
      <guid>http://cognotekt.wanjarunkel.de/en/home/title/</guid>
      <description>Content of the file goes Here</description>
    </item>
    
    <item>
      <title>wwd.en</title>
      <link>http://cognotekt.wanjarunkel.de/en/home/wwd/</link>
      <pubDate>Wed, 26 Apr 2017 00:00:00 +0000</pubDate>
      
      <guid>http://cognotekt.wanjarunkel.de/en/home/wwd/</guid>
      <description>Content of the file goes Here</description>
    </item>
    
    <item>
      <title>solutions.en</title>
      <link>http://cognotekt.wanjarunkel.de/en/home/solutions/</link>
      <pubDate>Wed, 26 Apr 2017 00:00:00 +0000</pubDate>
      
      <guid>http://cognotekt.wanjarunkel.de/en/home/solutions/</guid>
      <description>Content of the file goes Here</description>
    </item>
    
    <item>
      <title>howwework.en</title>
      <link>http://cognotekt.wanjarunkel.de/en/home/howwework/</link>
      <pubDate>Wed, 26 Apr 2017 00:00:00 +0000</pubDate>
      
      <guid>http://cognotekt.wanjarunkel.de/en/home/howwework/</guid>
      <description>Content of the file goes Here</description>
    </item>
    
    <item>
      <title>hwa.en</title>
      <link>http://cognotekt.wanjarunkel.de/en/home/hwa/</link>
      <pubDate>Fri, 19 May 2017 00:00:00 +0000</pubDate>
      
      <guid>http://cognotekt.wanjarunkel.de/en/home/hwa/</guid>
      <description>Content of the file goes Here</description>
    </item>
    
    <item>
      <title>jobs.en</title>
      <link>http://cognotekt.wanjarunkel.de/en/home/jobs/</link>
      <pubDate>Fri, 19 May 2017 00:00:00 +0000</pubDate>
      
      <guid>http://cognotekt.wanjarunkel.de/en/home/jobs/</guid>
      <description>Content of the file goes Here</description>
    </item>
    
    <item>
      <title>blog</title>
      <link>http://cognotekt.wanjarunkel.de/en/home/blog/</link>
      <pubDate>Sat, 20 May 2017 00:00:00 +0000</pubDate>
      
      <guid>http://cognotekt.wanjarunkel.de/en/home/blog/</guid>
      <description>Content of the file goes Here</description>
    </item>
    
  </channel>
</rss>