<?xml version="1.0" encoding="utf-8" standalone="yes" ?>
<rss version="2.0" xmlns:atom="http://www.w3.org/2005/Atom">
  <channel>
    <title>Cognotekt on Cognotekt-multi.com</title>
    <link>https://github.com/CognotektGmbH/CognotektGmbH.github.io/tags/cognotekt/</link>
    <description>Recent content in Cognotekt on Cognotekt-multi.com</description>
    <generator>Hugo -- gohugo.io</generator>
    <lastBuildDate>Wed, 26 Apr 2017 00:00:00 +0000</lastBuildDate>
    
	<atom:link href="https://github.com/CognotektGmbH/CognotektGmbH.github.io/tags/cognotekt/index.xml" rel="self" type="application/rss+xml" />
    
    
    <item>
      <title>howwework</title>
      <link>https://github.com/CognotektGmbH/CognotektGmbH.github.io/home/howwework/</link>
      <pubDate>Wed, 26 Apr 2017 00:00:00 +0000</pubDate>
      
      <guid>https://github.com/CognotektGmbH/CognotektGmbH.github.io/home/howwework/</guid>
      <description>Content of the file goes Here</description>
    </item>
    
    <item>
      <title>solutions</title>
      <link>https://github.com/CognotektGmbH/CognotektGmbH.github.io/home/solutions/</link>
      <pubDate>Wed, 26 Apr 2017 00:00:00 +0000</pubDate>
      
      <guid>https://github.com/CognotektGmbH/CognotektGmbH.github.io/home/solutions/</guid>
      <description>Content of the file goes Here</description>
    </item>
    
    <item>
      <title>title</title>
      <link>https://github.com/CognotektGmbH/CognotektGmbH.github.io/home/title/</link>
      <pubDate>Wed, 26 Apr 2017 00:00:00 +0000</pubDate>
      
      <guid>https://github.com/CognotektGmbH/CognotektGmbH.github.io/home/title/</guid>
      <description>Content of the file goes Here</description>
    </item>
    
    <item>
      <title>wwd</title>
      <link>https://github.com/CognotektGmbH/CognotektGmbH.github.io/home/wwd/</link>
      <pubDate>Wed, 26 Apr 2017 00:00:00 +0000</pubDate>
      
      <guid>https://github.com/CognotektGmbH/CognotektGmbH.github.io/home/wwd/</guid>
      <description>Content of the file goes Here</description>
    </item>
    
    <item>
      <title>hwa</title>
      <link>https://github.com/CognotektGmbH/CognotektGmbH.github.io/home/hwa/</link>
      <pubDate>Fri, 19 May 2017 00:00:00 +0000</pubDate>
      
      <guid>https://github.com/CognotektGmbH/CognotektGmbH.github.io/home/hwa/</guid>
      <description>Content of the file goes Here</description>
    </item>
    
    <item>
      <title>jobs</title>
      <link>https://github.com/CognotektGmbH/CognotektGmbH.github.io/home/jobs/</link>
      <pubDate>Fri, 19 May 2017 00:00:00 +0000</pubDate>
      
      <guid>https://github.com/CognotektGmbH/CognotektGmbH.github.io/home/jobs/</guid>
      <description>Content of the file goes Here</description>
    </item>
    
    <item>
      <title>blog</title>
      <link>https://github.com/CognotektGmbH/CognotektGmbH.github.io/home/blog/</link>
      <pubDate>Sat, 20 May 2017 00:00:00 +0000</pubDate>
      
      <guid>https://github.com/CognotektGmbH/CognotektGmbH.github.io/home/blog/</guid>
      <description>Content of the file goes Here</description>
    </item>
    
  </channel>
</rss>