<?xml version="1.0" encoding="utf-8" standalone="yes" ?>
<rss version="2.0" xmlns:atom="http://www.w3.org/2005/Atom">
  <channel>
    <title>Posts on Cognotekt-multi.com</title>
    <link>http://cognotekt.wanjarunkel.de/post/</link>
    <description>Recent content in Posts on Cognotekt-multi.com</description>
    <generator>Hugo -- gohugo.io</generator>
    <lastBuildDate>Fri, 19 May 2017 12:24:34 +0200</lastBuildDate>
    
	<atom:link href="http://cognotekt.wanjarunkel.de/post/index.xml" rel="self" type="application/rss+xml" />
    
    
    <item>
      <title>post1</title>
      <link>http://cognotekt.wanjarunkel.de/post/post1/</link>
      <pubDate>Fri, 19 May 2017 12:24:34 +0200</pubDate>
      
      <guid>http://cognotekt.wanjarunkel.de/post/post1/</guid>
      <description>Lorem Ipsum Test post &amp;hellip; bla bla bla</description>
    </item>
    
    <item>
      <title>first post</title>
      <link>http://cognotekt.wanjarunkel.de/post/first/</link>
      <pubDate>Mon, 25 Jul 2016 21:04:23 -0500</pubDate>
      
      <guid>http://cognotekt.wanjarunkel.de/post/first/</guid>
      <description>My first blog post Test test test test test content</description>
    </item>
    
    <item>
      <title>second post</title>
      <link>http://cognotekt.wanjarunkel.de/post/second/</link>
      <pubDate>Mon, 25 Jul 2016 21:04:23 -0500</pubDate>
      
      <guid>http://cognotekt.wanjarunkel.de/post/second/</guid>
      <description> My second blog post </description>
    </item>
    
  </channel>
</rss>