<?xml version="1.0" encoding="utf-8" standalone="yes" ?>
<rss version="2.0" xmlns:atom="http://www.w3.org/2005/Atom">
  <channel>
    <title>Solutions on Cognotekt-multi.com</title>
    <link>https://github.com/CognotektGmbH/CognotektGmbH.github.io/en/tags/solutions/</link>
    <description>Recent content in Solutions on Cognotekt-multi.com</description>
    <generator>Hugo -- gohugo.io</generator>
    <lastBuildDate>Wed, 26 Apr 2017 00:00:00 +0000</lastBuildDate>
    
	<atom:link href="https://github.com/CognotektGmbH/CognotektGmbH.github.io/en/tags/solutions/index.xml" rel="self" type="application/rss+xml" />
    
    
    <item>
      <title>solutions.en</title>
      <link>https://github.com/CognotektGmbH/CognotektGmbH.github.io/en/home/solutions/</link>
      <pubDate>Wed, 26 Apr 2017 00:00:00 +0000</pubDate>
      
      <guid>https://github.com/CognotektGmbH/CognotektGmbH.github.io/en/home/solutions/</guid>
      <description>Content of the file goes Here</description>
    </item>
    
  </channel>
</rss>