<?xml version="1.0" encoding="utf-8" standalone="yes" ?>
<rss version="2.0" xmlns:atom="http://www.w3.org/2005/Atom">
  <channel>
    <title>Categories on Cognotekt-multi.com</title>
    <link>https://github.com/CognotektGmbH/CognotektGmbH.github.io/en/categories/</link>
    <description>Recent content in Categories on Cognotekt-multi.com</description>
    <generator>Hugo -- gohugo.io</generator>
    <lastBuildDate>Sat, 20 May 2017 00:00:00 +0000</lastBuildDate>
    
	<atom:link href="https://github.com/CognotektGmbH/CognotektGmbH.github.io/en/categories/index.xml" rel="self" type="application/rss+xml" />
    
    
    <item>
      <title>Blog</title>
      <link>https://github.com/CognotektGmbH/CognotektGmbH.github.io/en/categories/blog/</link>
      <pubDate>Sat, 20 May 2017 00:00:00 +0000</pubDate>
      
      <guid>https://github.com/CognotektGmbH/CognotektGmbH.github.io/en/categories/blog/</guid>
      <description></description>
    </item>
    
    <item>
      <title>Cognotekt</title>
      <link>https://github.com/CognotektGmbH/CognotektGmbH.github.io/en/categories/cognotekt/</link>
      <pubDate>Wed, 26 Apr 2017 00:00:00 +0000</pubDate>
      
      <guid>https://github.com/CognotektGmbH/CognotektGmbH.github.io/en/categories/cognotekt/</guid>
      <description></description>
    </item>
    
    <item>
      <title>How We Work</title>
      <link>https://github.com/CognotektGmbH/CognotektGmbH.github.io/en/categories/how-we-work/</link>
      <pubDate>Wed, 26 Apr 2017 00:00:00 +0000</pubDate>
      
      <guid>https://github.com/CognotektGmbH/CognotektGmbH.github.io/en/categories/how-we-work/</guid>
      <description></description>
    </item>
    
    <item>
      <title>Jobs</title>
      <link>https://github.com/CognotektGmbH/CognotektGmbH.github.io/en/categories/jobs/</link>
      <pubDate>Fri, 19 May 2017 00:00:00 +0000</pubDate>
      
      <guid>https://github.com/CognotektGmbH/CognotektGmbH.github.io/en/categories/jobs/</guid>
      <description></description>
    </item>
    
    <item>
      <title>Solutions</title>
      <link>https://github.com/CognotektGmbH/CognotektGmbH.github.io/en/categories/solutions/</link>
      <pubDate>Wed, 26 Apr 2017 00:00:00 +0000</pubDate>
      
      <guid>https://github.com/CognotektGmbH/CognotektGmbH.github.io/en/categories/solutions/</guid>
      <description></description>
    </item>
    
    <item>
      <title>Title</title>
      <link>https://github.com/CognotektGmbH/CognotektGmbH.github.io/en/categories/title/</link>
      <pubDate>Wed, 26 Apr 2017 00:00:00 +0000</pubDate>
      
      <guid>https://github.com/CognotektGmbH/CognotektGmbH.github.io/en/categories/title/</guid>
      <description></description>
    </item>
    
    <item>
      <title>What We Do</title>
      <link>https://github.com/CognotektGmbH/CognotektGmbH.github.io/en/categories/what-we-do/</link>
      <pubDate>Wed, 26 Apr 2017 00:00:00 +0000</pubDate>
      
      <guid>https://github.com/CognotektGmbH/CognotektGmbH.github.io/en/categories/what-we-do/</guid>
      <description></description>
    </item>
    
    <item>
      <title>Who We Are</title>
      <link>https://github.com/CognotektGmbH/CognotektGmbH.github.io/en/categories/who-we-are/</link>
      <pubDate>Fri, 19 May 2017 00:00:00 +0000</pubDate>
      
      <guid>https://github.com/CognotektGmbH/CognotektGmbH.github.io/en/categories/who-we-are/</guid>
      <description></description>
    </item>
    
  </channel>
</rss>