<?xml version="1.0" encoding="utf-8" standalone="yes" ?>
<rss version="2.0" xmlns:atom="http://www.w3.org/2005/Atom">
  <channel>
    <title>Wir on Cognotekt-multi.com</title>
    <link>http://cognotekt.wanjarunkel.de/categories/wir/</link>
    <description>Recent content in Wir on Cognotekt-multi.com</description>
    <generator>Hugo -- gohugo.io</generator>
    <lastBuildDate>Fri, 19 May 2017 00:00:00 +0000</lastBuildDate>
    
	<atom:link href="http://cognotekt.wanjarunkel.de/categories/wir/index.xml" rel="self" type="application/rss+xml" />
    
    
    <item>
      <title>hwa</title>
      <link>http://cognotekt.wanjarunkel.de/home/hwa/</link>
      <pubDate>Fri, 19 May 2017 00:00:00 +0000</pubDate>
      
      <guid>http://cognotekt.wanjarunkel.de/home/hwa/</guid>
      <description>Content of the file goes Here</description>
    </item>
    
  </channel>
</rss>