<?xml version="1.0" encoding="utf-8" standalone="yes" ?>
<rss version="2.0" xmlns:atom="http://www.w3.org/2005/Atom">
  <channel>
    <title>Who We Are Looking For on Cognotekt-multi.com</title>
    <link>http://cognotekt.wanjarunkel.de/en/tags/who-we-are-looking-for/</link>
    <description>Recent content in Who We Are Looking For on Cognotekt-multi.com</description>
    <generator>Hugo -- gohugo.io</generator>
    <lastBuildDate>Fri, 19 May 2017 00:00:00 +0000</lastBuildDate>
    
	<atom:link href="http://cognotekt.wanjarunkel.de/en/tags/who-we-are-looking-for/index.xml" rel="self" type="application/rss+xml" />
    
    
    <item>
      <title>jobs.en</title>
      <link>http://cognotekt.wanjarunkel.de/en/home/jobs/</link>
      <pubDate>Fri, 19 May 2017 00:00:00 +0000</pubDate>
      
      <guid>http://cognotekt.wanjarunkel.de/en/home/jobs/</guid>
      <description>Content of the file goes Here</description>
    </item>
    
  </channel>
</rss>